Feature ID	Taxon	Confidence
351474084daa73048f1f4a633234ae8a	d__Bacteria; p__Bacillota_I; c__Bacilli_A; o__Lactobacillales; f__Streptococcaceae; g__Streptococcus; s__Streptococcus agalactiae	0.9999956525771124
cd3d81e63282ae64d817ae7174d1411e	d__Bacteria; p__Bacillota_I; c__Bacilli_A; o__Lactobacillales; f__Lactobacillaceae; g__Lactobacillus	0.9999999996165319
84ca8fd4a7f7d9f6d70788c6bd8ca3cf	d__Bacteria; p__Actinomycetota; c__Actinomycetes; o__Propionibacteriales; f__Propionibacteriaceae; g__Cutibacterium; s__Cutibacterium acnes	0.9764868411932153
3848e688da099bba4ad0ec325762d79d	d__Bacteria; p__Bacillota_I; c__Bacilli_A; o__Bacillales_B_310392; f__Bacillaceae_G; g__Bacillus_A	0.9999983253600748
6591a93105a9a5ef88152cfdca849385	d__Bacteria; p__Bacillota_I; c__Bacilli_A; o__Lactobacillales; f__Enterococcaceae; g__Enterococcus_H_360604; s__Enterococcus_H_360604 faecalis	0.9984819437652261
3f3fcb69f4a86daeeec163d01f71d671	d__Bacteria; p__Pseudomonadota; c__Gammaproteobacteria; o__Burkholderiales; f__Neisseriaceae; g__Neisseria_563205	0.9999956900933996
a75183409e6d0f88c4b1ab845cc377c9	d__Bacteria; p__Actinomycetota; c__Actinomycetes; o__Actinomycetales; f__Actinomycetaceae; g__Pauljensenia	0.9999693936931717
33da6d216d752d44f7b176cbd052d660	d__Bacteria; p__Bacteroidota; c__Bacteroidia; o__Bacteroidales; f__Bacteroidaceae; g__Phocaeicola_A; s__Phocaeicola_A vulgatus	0.9999996333995217
da2547cc98b5be4cd588746f84b14b55	d__Bacteria; p__Bacillota_I; c__Bacilli_A; o__Staphylococcales; f__Staphylococcaceae; g__Staphylococcus; s__Staphylococcus epidermidis	0.9952479978566506
1b738581a8f548999a2c30c7bdeaa7a2	d__Bacteria; p__Bacillota_I; c__Bacilli_A; o__Lactobacillales; f__Streptococcaceae; g__Streptococcus; s__Streptococcus mutans	0.9999999763206237
6113535275a89fd74826742e2268adc6	d__Bacteria; p__Bacillota_I; c__Bacilli_A; o__Lactobacillales; f__Listeriaceae; g__Listeria_A	0.9999998769007001
86d8e717484041c0191890ffa74cb0a5	d__Bacteria; p__Bacillota_I; c__Bacilli_A; o__Lactobacillales; f__Listeriaceae; g__Listeria_A	0.9999990908189491
acfd2eeab55a389fe2d81df26f0840dd	d__Bacteria; p__Bacillota_I; c__Bacilli_A	0.9999999741745933
45bd1bd8c7371589b8552e7f1aa554ba	d__Bacteria; p__Bacillota_I; c__Bacilli_A; o__Lactobacillales; f__Streptococcaceae; g__Streptococcus	0.9999999995523069
6cf7b00ca5f1ae43f3fc0943994ef48c	d__Bacteria; p__Bacillota_A_368345; c__Clostridia_258483; o__Clostridiales; f__Clostridiaceae_222000; g__Clostridium_T; s__Clostridium_T beijerinckii	0.7685763917993613
6931d758ba66f8f9a1384dd6bb9d3786	d__Bacteria; p__Bacillota_I; c__Bacilli_A; o__Lactobacillales; f__Streptococcaceae; g__Streptococcus; s__Streptococcus mutans	0.999999965454237
2cccc4638e2cce298a42695ab3d9a9d1	d__Bacteria; p__Bacillota_I; c__Bacilli_A; o__Lactobacillales; f__Listeriaceae; g__Listeria_A	0.9999994372843799
ceb5b22f462286124a89f6dfeeb89f0d	d__Bacteria; p__Bacillota_A_368345; c__Clostridia_258483; o__Clostridiales; f__Clostridiaceae_222000; g__Clostridium_T; s__Clostridium_T beijerinckii	0.8776213602151469
f3e7c8e6f0d3b72aee88bea170360e2b	d__Bacteria; p__Bacillota_I; c__Bacilli_A	0.9999999580874279
b5ceb937308c9640e6c12fbad475fb53	d__Bacteria; p__Bacillota_I; c__Bacilli_A; o__Staphylococcales; f__Staphylococcaceae; g__Staphylococcus; s__Staphylococcus epidermidis	0.9964891020777771
613d736c2860aef03fa5cccdb0ac829b	d__Bacteria; p__Bacillota_I; c__Bacilli_A; o__Staphylococcales; f__Staphylococcaceae; g__Staphylococcus; s__Staphylococcus epidermidis	0.9962342666203714
ef4515a9ab0346cf3358b9b05997fc10	d__Bacteria; p__Bacillota_I; c__Bacilli_A	0.9999999638629694
310f4393eddfeeb151b5d9cdcc1ae7c4	d__Bacteria; p__Bacillota_I; c__Bacilli_A	0.9999999112616458
b01578c520684b0878724c189e2e11da	d__Bacteria; p__Bacillota_A_368345; c__Clostridia_258483; o__Clostridiales; f__Clostridiaceae_222000; g__Clostridium_T; s__Clostridium_T beijerinckii	0.815049585225662
f146e3b5987a72233f585e0c12d34a40	d__Bacteria; p__Bacteroidota; c__Bacteroidia; o__Bacteroidales; f__Bacteroidaceae; g__Phocaeicola_A; s__Phocaeicola_A vulgatus	0.9999984599127949
3b4411a805e9769de73e7668d2b06220	d__Bacteria; p__Bacillota_A_368345; c__Clostridia_258483; o__Clostridiales; f__Clostridiaceae_222000; g__Clostridium_T; s__Clostridium_T beijerinckii	0.8267251394280521
993d6e476e7b89cf69e717fe7076d607	d__Bacteria; p__Bacillota_A_368345; c__Clostridia_258483; o__Clostridiales; f__Clostridiaceae_222000; g__Clostridium_T; s__Clostridium_T beijerinckii	0.8378919010058774
ec6b53f5b3379b6c735dc2291ae950df	d__Bacteria; p__Bacillota_A_368345; c__Clostridia_258483; o__Clostridiales; f__Clostridiaceae_222000; g__Clostridium_T; s__Clostridium_T beijerinckii	0.7999946074681672
470f2798eef5d06715f646fb25bc3428	d__Bacteria; p__Bacillota_A_368345; c__Clostridia_258483; o__Clostridiales; f__Clostridiaceae_222000; g__Clostridium_T; s__Clostridium_T beijerinckii	0.912752172244288
b738f35c7ee7d92630a945552e2a1817	d__Bacteria; p__Bacillota_A_368345; c__Clostridia_258483; o__Clostridiales; f__Clostridiaceae_222000; g__Clostridium_T; s__Clostridium_T beijerinckii	0.8425785572468532
ee4fbd6c3a6dc1e857445ff6278511f0	d__Bacteria; p__Bacillota_A_368345; c__Clostridia_258483; o__Clostridiales; f__Clostridiaceae_222000; g__Clostridium_T; s__Clostridium_T beijerinckii	0.8412895674560275
be890432c8718b7d4e07a80413801674	d__Bacteria; p__Bacillota_A_368345; c__Clostridia_258483; o__Clostridiales; f__Clostridiaceae_222000; g__Clostridium_T	0.9999929034531899
440e568976397dd888938a340afbd6c9	d__Bacteria; p__Bacillota_I; c__Bacilli_A; o__Bacillales_B_310392; f__Bacillaceae_G; g__Bacillus_A	0.9999988929654323
7ce0f71ed240320f5720a0373d358284	d__Bacteria; p__Bacillota_I; c__Bacilli_A; o__Bacillales_B_310392; f__Bacillaceae_G; g__Bacillus_A	0.9999919176438009
2a8bbea01a6df1663af869e0917ec359	d__Bacteria; p__Pseudomonadota; c__Gammaproteobacteria; o__Pseudomonadales_A_650611; f__Pseudomonadaceae; g__Pseudomonas_B_650326	0.9999418154722637
4b006b1c047f1d6db0f035f2880ffe9e	d__Bacteria; p__Pseudomonadota; c__Gammaproteobacteria; o__Pseudomonadales_A_660879; f__Moraxellaceae; g__Acinetobacter	0.9999998911673247
b7962433aa677cd274461a7508d41d8c	d__Bacteria; p__Pseudomonadota; c__Gammaproteobacteria; o__Enterobacterales_737866; f__Enterobacteriaceae_A_725029	0.9514169849585408
83c7a571b9017e8b1589384bbe13c09b	d__Bacteria; p__Pseudomonadota; c__Gammaproteobacteria; o__Enterobacterales_737866; f__Enterobacteriaceae_A_725029; g__Escherichia; s__Escherichia albertii	0.9554387782323489
1fea2a6bf1aea22fff0344229fca56cf	d__Bacteria; p__Pseudomonadota; c__Gammaproteobacteria; o__Enterobacterales_737866; f__Enterobacteriaceae_A_725029	0.9061261531898165
a3965ac7bbf75cf82d6506516ff5d9ec	d__Bacteria; p__Pseudomonadota; c__Gammaproteobacteria; o__Enterobacterales_737866; f__Enterobacteriaceae_A_725029; g__Escherichia	0.8548787209146473
232145e109be7264ec098d01143bdec1	d__Bacteria; p__Pseudomonadota; c__Gammaproteobacteria; o__Enterobacterales_737866; f__Enterobacteriaceae_A_725029; g__Escherichia	0.7744277771347868
37fcc6aa6336c98d64d94f461fd61aa9	d__Bacteria; p__Actinomycetota; c__Actinomycetes; o__Mycobacteriales; f__Mycobacteriaceae; g__Corynebacterium; s__Corynebacterium tuberculostearicum	0.9884082506498756
ad5617adf0792809f743f90fcc954bab	d__Bacteria; p__Bacillota_I; c__Bacilli_A; o__Lactobacillales; f__Lactobacillaceae; g__Lactobacillus	0.9999996053670336
94846343c0cda1bc78b7c6f7a58b1dd4	d__Bacteria; p__Bacteroidota; c__Bacteroidia; o__Bacteroidales; f__Porphyromonadaceae; g__Porphyromonas_A; s__Porphyromonas_A gingivalis	0.9999445679693987
5289a344ba384510be830e78453a1054	d__Bacteria; p__Bacteroidota; c__Bacteroidia; o__Bacteroidales; f__Bacteroidaceae	0.9861472835816343
3ba968b9a9babdf904025e7752a5d037	d__Bacteria; p__Bacillota_A_368345; c__Clostridia_258483; o__Clostridiales; f__Clostridiaceae_222000; g__Clostridium_T; s__Clostridium_T saccharoperbutylacetonicum	0.7797236132945864
